gatconv,our,citeseer,0.1664966344833374
gatconv,our,reddit,238.77999222278595
gatconv,our,pubmed,0.38997602462768555
gatconv,our,cora,0.07324528694152832
gatconv,dgl,reddit,252.17233097553253
gatconv,dgl,citeseer,0.1672419309616089
gatconv,dgl,cora,0.07711136341094971
gatconv,dgl,pubmed,0.46768319606781006
gmmconv,dgl,reddit,213.69346022605896
gmmconv,dgl,citeseer,0.13097667694091797
gmmconv,our,pubmed,0.16188037395477295
gmmconv,our,cora,0.04972195625305176
gmmconv,our,citeseer,0.11945080757141113
gmmconv,dgl,cora,0.06249547004699707
gmmconv,dgl,pubmed,0.31364238262176514
gmmconv,our,reddit,177.1632298231125
edgeconv,our,4032,6.952075242996216
edgeconv,dgl,4032,47.88046681880951
edgeconv,our,2064,13.663763165473938
edgeconv,dgl,4064,96.40809190273285
edgeconv,dgl,2032,27.56863284111023
edgeconv,dgl,2064,55.607855796813965
edgeconv,our,2032,6.7017669677734375
edgeconv,our,4064,14.1566743850708
